Name	Total	HP	Attack	Defence	Sp_attack	Sp_defence	Speed	Stage	Class
Bulbasaur	318	45	49	49	65	65	45	0.5	1
Ivysaur	405	60	62	63	80	80	60	1	1
Venusaur	525	80	82	83	100	100	80	2	1
Mega Venusaur	625	80	100	123	122	120	80	3	1
Charmander	309	39	52	43	60	50	65	0.5	1
Charmeleon	405	58	64	58	80	65	80	1	1
Charizard	534	78	84	78	109	85	100	2	1
Mega Charizard	634	78	130	111	130	85	100	3	1
Mega Charizard X	634	78	104	78	159	115	100	3	1
Squirtle	314	44	48	65	50	64	43	0.5	1
Wartortle	405	59	63	80	65	80	58	1	1
Blastoise	530	79	83	100	85	105	78	2	1
Mega Blastoise	630	79	103	120	135	115	78	3	1
Caterpie	195	45	30	35	20	20	45	0.5	1
Metapod	205	50	20	55	25	25	30	1	1
Butterfree	395	60	45	50	90	80	70	2	1
Weedle	195	40	35	30	20	20	50	0.5	1
Kakuna	205	45	25	50	25	25	35	1	1
Beedrill	395	65	90	40	45	80	75	2	1
Mega Beedrill	495	65	150	40	15	80	145	3	1
Pidgey	251	40	45	40	35	35	56	0.5	1
Pidgeotto	349	63	60	55	50	50	71	1	1
Pidgeot	479	83	80	75	70	70	101	2	1
Mega Pidgeot	579	83	80	80	135	80	121	3	1
Rattata	253	30	56	35	25	35	72	0.5	1
Raticate	413	55	81	60	50	70	97	1	1
Spearow	262	40	60	30	31	31	70	0.5	1
Fearow	442	65	90	65	61	61	100	1	1
Ekans	288	35	60	44	40	54	55	0.5	1
Arbok	448	60	95	69	65	79	80	1	1
Pikachu	320	35	55	40	50	50	90	1	1
Raichu	485	60	90	55	90	80	110	2	1
Sandshrew	300	50	75	85	20	30	40	0.5	1
Sandslash	450	75	100	110	45	55	65	1	1
Nidoran?	275	55	47	52	40	40	41	0.5	1
Nidorina	365	70	62	67	55	55	56	1	1
Nidoqueen	505	90	92	87	75	85	76	2	1
Nidoran?	273	46	57	40	40	40	50	0.5	1
Nidorino	365	61	72	57	55	55	65	1	1
Nidoking	505	81	102	77	85	75	85	2	1
Clefairy	323	70	45	48	60	65	35	1	1
Clefable	483	95	70	73	95	90	60	2	1
Vulpix	299	38	41	40	50	65	65	0.5	1
Ninetales	505	73	76	75	81	100	100	1	1
Jigglypuff	270	115	45	20	45	25	20	1	1
Wigglytuff	435	140	70	45	85	50	45	2	1
Zubat	245	40	45	35	30	40	55	0.5	1
Golbat	455	75	80	70	65	75	90	1	1
Oddish	320	45	50	55	75	65	30	0.5	1
Gloom	395	60	65	70	85	75	40	1	1
Vileplume	490	75	80	85	110	90	50	2	1
Paras	285	35	70	55	45	55	25	0.5	1
Parasect	405	60	95	80	60	80	30	1	1
Venonat	305	60	55	50	40	55	45	0.5	1
Venomoth	450	70	65	60	90	75	90	1	1
Diglett	265	10	55	25	35	45	95	0.5	1
Dugtrio	425	35	100	50	50	70	120	1	1
Meowth	290	40	45	35	40	40	90	0.5	1
Persian	440	65	70	60	65	65	115	1	1
Psyduck	320	50	52	48	65	50	55	0.5	1
Golduck	500	80	82	78	95	80	85	1	1
Mankey	305	40	80	35	35	45	70	0.5	1
Primeape	455	65	105	60	60	70	95	1	1
Growlithe	350	55	70	45	70	50	60	0.5	1
Arcanine	555	90	110	80	100	80	95	1	1
Poliwag	300	40	50	40	40	40	90	0.5	1
Poliwhirl	385	65	65	65	50	50	90	1	1
Poliwrath	510	90	95	95	70	90	70	2	1
Abra	310	25	20	15	105	55	90	0.5	1
Kadabra	400	40	35	30	120	70	105	1	1
Alakazam	500	55	50	45	135	95	120	2	1
Mega Alakazam	600	55	50	65	175	105	150	3	1
Machop	305	70	80	50	35	35	35	0.5	1
Machoke	405	80	100	70	50	60	45	1	1
Machamp	505	90	130	80	65	85	55	2	1
Bellsprout	300	50	75	35	70	30	40	0.5	1
Weepinbell	390	65	90	50	85	45	55	1	1
Victreebel	490	80	105	65	100	70	70	2	1
Tentacool	335	40	40	35	50	100	70	0.5	1
Tentacruel	515	80	70	65	80	120	100	1	1
Geodude	300	40	80	100	30	30	20	0.5	1
Graveler	390	55	95	115	45	45	35	1	1
Golem	495	80	120	130	55	65	45	2	1
Ponyta	410	50	85	55	65	65	90	0.5	1
Rapidash	500	65	100	70	80	80	105	1	1
Slowpoke	315	90	65	65	40	40	15	0.5	1
Slowbro	490	95	75	110	100	80	30	1	1
Mega Slowbro	590	95	75	180	130	80	30	3	1
Magnemite	325	25	35	70	95	55	45	0.5	1
Magneton	465	50	60	95	120	70	70	1	1
Farfetch'd	377	52	90	55	58	62	60	0.5	1
Doduo	310	35	85	45	35	35	75	0.5	1
Dodrio	470	60	110	70	60	60	110	1	1
Seel	325	65	45	55	45	70	45	0.5	1
Dewgong	475	90	70	80	70	95	70	1	1
Grimer	325	80	80	50	40	50	25	0.5	1
Muk	500	105	105	75	65	100	50	1	1
Shellder	305	30	65	100	45	25	40	0.5	1
Cloyster	525	50	95	180	85	45	70	1	1
Gastly	310	30	35	30	100	35	80	0.5	1
Haunter	405	45	50	45	115	55	95	1	1
Gengar	500	60	65	60	130	75	110	2	1
Mega Gengar	600	60	65	80	170	95	130	3	1
Onix	385	35	45	160	30	45	70	0.5	1
Drowzee	328	60	48	45	43	90	42	0.5	1
Hypno	483	85	73	70	73	115	67	1	1
Krabby	325	30	105	90	25	25	50	0.5	1
Kingler	475	55	130	115	50	50	75	1	1
Voltorb	330	40	30	50	55	55	100	0.5	1
Electrode	490	60	50	70	80	80	150	1	1
Exeggcute	325	60	40	80	60	45	40	0.5	1
Exeggutor	530	95	95	85	125	75	55	1	1
Cubone	320	50	50	95	40	50	35	0.5	1
Marowak	425	60	80	110	50	80	45	1	1
Hitmonlee	455	50	120	53	35	110	87	1	1
Hitmonchan	455	50	105	79	35	110	76	1	1
Lickitung	385	90	55	75	60	75	30	0.5	1
Koffing	340	40	65	95	60	45	35	0.5	1
Weezing	490	65	90	120	85	70	60	1	1
Rhyhorn	345	80	85	95	30	30	25	0.5	1
Rhydon	485	105	130	120	45	45	40	1	1
Chansey	450	250	5	5	35	105	50	1	1
Tangela	435	65	55	115	100	40	60	0.5	1
Kangaskhan	490	105	95	80	40	80	90	0.5	1
Mega Kangaskhan	590	105	125	100	60	100	100	3	1
Horsea	295	30	40	70	70	25	60	0.5	1
Seadra	440	55	65	95	95	45	85	1	1
Goldeen	320	45	67	60	35	50	63	0.5	1
Seaking	450	80	92	65	65	80	68	1	1
Staryu	340	30	45	55	70	55	85	0.5	1
Starmie	520	60	75	85	100	85	115	1	1
Mr. Mime	460	40	45	65	100	120	90	1	1
Scyther	500	70	110	80	55	80	105	0.5	1
Jynx	455	65	50	35	115	95	95	1	1
Electabuzz	490	65	83	57	95	85	105	1	1
Magmar	495	65	95	57	100	85	93	1	1
Pinsir	500	65	125	100	55	70	85	0.5	1
Mega Pinsir	600	65	155	120	65	90	105	3	1
Tauros	490	75	100	95	40	70	110	0.5	1
Magikarp	200	20	10	55	15	20	80	0.5	1
Gyarados	540	95	125	79	60	100	81	1	1
Mega Gyarados	640	95	155	109	70	130	81	3	1
Lapras	535	130	85	80	85	95	60	0.5	1
Ditto	288	48	48	48	48	48	48	0.5	1
Eevee	325	55	55	50	45	65	55	0.5	1
Vaporeon	525	130	65	60	110	95	65	1	1
Jolteon	525	65	65	60	110	95	130	1	1
Flareon	525	65	130	60	95	110	65	1	1
Porygon	395	65	60	70	85	75	40	0.5	1
Omanyte	355	35	40	100	90	55	35	0.5	1
Omastar	495	70	60	125	115	70	55	1	1
Kabuto	355	30	80	90	55	45	55	0.5	1
Kabutops	495	60	115	105	65	70	80	1	1
Aerodactyl	515	80	105	65	60	75	130	0.5	1
Mega Aerodactyl	615	80	135	85	70	95	150	3	1
Snorlax	540	160	110	65	65	110	30	1	1
Articuno	580	90	85	100	95	125	85	0.5	5
Zapdos	580	90	90	85	125	90	100	0.5	5
Moltres	580	90	100	90	125	85	90	0.5	5
Dratini	300	41	64	45	50	50	50	0.5	1
Dragonair	420	61	84	65	70	70	70	1	1
Dragonite	600	91	134	95	100	100	80	2	1
Mewtwo	680	106	110	90	154	90	130	0.5	5
Mega Mewtwo X	780	106	190	100	154	100	130	3	5
Mega Mewtwo Y	780	106	150	70	194	120	140	3	5
Mew	600	100	100	100	100	100	100	0.5	7
Chikorita	318	45	49	65	49	65	45	0.5	1
Bayleef	405	60	62	80	63	80	60	1	1
Meganium	525	80	82	100	83	100	80	2	1
Cyndaquil	309	39	52	43	60	50	65	0.5	1
Quilava	405	58	64	58	80	65	80	1	1
Typhlosion	534	78	84	78	109	85	100	2	1
Totodile	314	50	65	64	44	48	43	0.5	1
Croconaw	405	65	80	80	59	63	58	1	1
Feraligatr	530	85	105	100	79	83	78	2	1
Sentret	215	35	46	34	35	45	20	0.5	1
Furret	415	85	76	64	45	55	90	1	1
Hoothoot	262	60	30	30	36	56	50	0.5	1
Noctowl	452	100	50	50	86	96	70	1	1
Ledyba	265	40	20	30	40	80	55	0.5	1
Ledian	390	55	35	50	55	110	85	1	1
Spinarak	250	40	60	40	40	40	30	0.5	1
Ariados	400	70	90	70	60	70	40	1	1
Crobat	535	85	90	80	70	80	130	2	1
Chinchou	330	75	38	38	56	56	67	0.5	1
Lanturn	460	125	58	58	76	76	67	1	1
Pichu	205	20	40	15	35	35	60	0.5	1
Cleffa	218	50	25	28	45	55	15	0.5	1
Igglybuff	210	90	30	15	40	20	15	0.5	1
Togepi	245	35	20	65	40	65	20	0.5	1
Togetic	405	55	40	85	80	105	40	1	1
Natu	320	40	50	45	70	45	70	0.5	1
Xatu	470	65	75	70	95	70	95	1	1
Mareep	280	55	40	40	65	45	35	0.5	1
Flaaffy	365	70	55	55	80	60	45	1	1
Ampharos	510	90	75	85	115	90	55	2	1
Mega Ampharos	610	90	95	105	165	110	45	3	1
Bellossom	490	75	80	95	90	100	50	2	1
Marill	250	70	20	50	20	50	40	1	1
Azumarill	420	100	50	80	60	80	50	2	1
Sudowoodo	410	70	100	115	30	65	30	1	1
Politoed	500	90	75	75	90	100	70	2	1
Hoppip	250	35	35	40	35	55	50	0.5	1
Skiploom	340	55	45	50	45	65	80	1	1
Jumpluff	460	75	55	70	55	95	110	2	1
Aipom	360	55	70	55	40	55	85	0.5	1
Sunkern	180	30	30	30	30	30	30	0.5	1
Sunflora	425	75	75	55	105	85	30	1	1
Yanma	390	65	65	45	75	45	95	0.5	1
Wooper	210	55	45	45	25	25	15	0.5	1
Quagsire	430	95	85	85	65	65	35	1	1
Espeon	525	65	65	60	130	95	110	1	1
Umbreon	525	95	65	110	60	130	65	1	1
Murkrow	405	60	85	42	85	42	91	0.5	1
Slowking	490	95	75	80	100	110	30	1	1
Misdreavus	435	60	60	60	85	85	85	0.5	1
Unown	336	48	72	48	72	48	48	0.5	1
Wobbuffet	405	190	33	58	33	58	33	1	1
Girafarig	455	70	80	65	90	65	85	0.5	1
Pineco	290	50	65	90	35	35	15	0.5	1
Forretress	465	75	90	140	60	60	40	1	1
Dunsparce	415	100	70	70	65	65	45	0.5	1
Gligar	430	65	75	105	35	65	85	0.5	1
Steelix	510	75	85	200	55	65	30	1	1
Mega Steelix	610	75	125	230	55	95	30	3	1
Snubbull	300	60	80	50	40	40	30	0.5	1
Granbull	450	90	120	75	60	60	45	1	1
Qwilfish	440	65	95	85	55	55	85	0.5	1
Scizor	500	70	130	100	55	80	65	1	1
Mega Scizor	600	70	150	140	65	100	75	3	1
Shuckle	505	20	10	230	10	230	5	0.5	1
Heracross	500	80	125	75	40	95	85	0.5	1
Mega Heracross	600	80	185	115	40	105	75	3	1
Sneasel	430	55	95	55	35	75	115	0.5	1
Teddiursa	330	60	80	50	50	50	40	0.5	1
Ursaring	500	90	130	75	75	75	55	1	1
Slugma	250	40	40	40	70	40	20	0.5	1
Magcargo	430	60	50	120	90	80	30	1	1
Swinub	250	50	50	40	30	30	50	0.5	1
Piloswine	450	100	100	80	60	60	50	1	1
Corsola	410	65	55	95	65	95	35	0.5	1
Remoraid	300	35	65	35	65	35	65	0.5	1
Octillery	480	75	105	75	105	75	45	1	1
Delibird	330	45	55	45	65	45	75	0.5	1
Mantine	485	85	40	70	80	140	70	1	1
Skarmory	465	65	80	140	40	70	70	0.5	1
Houndour	330	45	60	30	80	50	65	0.5	1
Houndoom	500	75	90	50	110	80	95	1	1
Mega Houndoom	600	75	90	90	140	90	115	3	1
Kingdra	540	75	95	95	95	95	85	2	1
Phanpy	330	90	60	60	40	40	40	0.5	1
Donphan	500	90	120	120	60	60	50	1	1
Porygon2	515	85	80	90	105	95	60	1	1
Stantler	465	73	95	62	85	65	85	0.5	1
Smeargle	250	55	20	35	20	45	75	0.5	1
Tyrogue	210	35	35	35	35	35	35	0.5	1
Hitmontop	455	50	95	95	35	110	70	1	1
Smoochum	305	45	30	15	85	65	65	0.5	1
Elekid	360	45	63	37	65	55	95	0.5	1
Magby	365	45	75	37	70	55	83	0.5	1
Miltank	490	95	80	105	40	70	100	0.5	1
Blissey	540	255	10	10	75	135	55	2	1
Raikou	580	90	85	75	115	100	115	0.5	5
Entei	580	115	115	85	90	75	100	0.5	5
Suicune	580	100	75	115	90	115	85	0.5	5
Larvitar	300	50	64	50	45	50	41	0.5	1
Pupitar	410	70	84	70	65	70	51	1	1
Tyranitar	600	100	134	110	95	100	61	2	1
Mega Tyranitar	700	100	164	150	95	120	71	3	1
Lugia	680	106	90	130	90	154	110	0.5	5
Ho-oh	680	106	130	90	110	154	90	0.5	5
Celebi	600	100	100	100	100	100	100	0.5	7
Treecko	310	40	45	35	65	55	70	0.5	1
Grovyle	405	50	65	45	85	65	95	1	1
Sceptile	530	70	85	65	105	85	120	2	1
Mega Sceptile	630	70	110	75	145	85	145	3	1
Torchic	310	45	60	40	70	50	45	0.5	1
Combusken	405	60	85	60	85	60	55	1	1
Blaziken	530	80	120	70	110	70	80	2	1
Mega Blaziken	630	80	160	80	130	80	100	3	1
Mudkip	310	50	70	50	50	50	40	0.5	1
Marshtomp	405	70	85	70	60	70	50	1	1
Swampert	535	100	110	90	85	90	60	2	1
Mega Swampert	635	100	150	110	95	110	70	3	1
Poochyena	220	35	55	35	30	30	35	0.5	1
Mightyena	420	70	90	70	60	60	70	1	1
Zigzagoon	240	38	30	41	30	41	60	0.5	1
Linoone	420	78	70	61	50	61	100	1	1
Wurmple	195	45	45	35	20	30	20	0.5	1
Silcoon	205	50	35	55	25	25	15	1	1
Beautifly	395	60	70	50	100	50	65	2	1
Cascoon	205	50	35	55	25	25	15	1	1
Dustox	385	60	50	70	50	90	65	2	1
Lotad	220	40	30	30	40	50	30	0.5	1
Lombre	340	60	50	50	60	70	50	1	1
Ludicolo	480	80	70	70	90	100	70	2	1
Seedot	220	40	40	50	30	30	30	0.5	1
Nuzleaf	340	70	70	40	60	40	60	1	1
Shiftry	480	90	100	60	90	60	80	2	1
Taillow	270	40	55	30	30	30	85	0.5	1
Swellow	455	60	85	60	75	50	125	1	1
Wingull	270	40	30	30	55	30	85	0.5	1
Pelipper	440	60	50	100	95	70	65	1	1
Ralts	198	28	25	25	45	35	40	0.5	1
Kirlia	278	38	35	35	65	55	50	1	1
Gardevoir	518	68	65	65	125	115	80	2	1
Mega Gardevoir	618	68	85	65	165	135	100	3	1
Surskit	269	40	30	32	50	52	65	0.5	1
Masquerain	454	70	60	62	100	82	80	1	1
Shroomish	295	60	40	60	40	60	35	0.5	1
Breloom	460	60	130	80	60	60	70	1	1
Slakoth	280	60	60	60	35	35	30	0.5	1
Vigoroth	440	80	80	80	55	55	90	1	1
Slaking	670	150	160	100	95	65	100	2	1
Nincada	266	31	45	90	30	30	40	0.5	1
Ninjask	456	61	90	45	50	50	160	1	1
Shedinja	236	1	90	45	30	30	40	1	1
Whismur	240	64	51	23	51	23	28	0.5	1
Loudred	360	84	71	43	71	43	48	1	1
Exploud	490	104	91	63	91	73	68	2	1
Makuhita	237	72	60	30	20	30	25	0.5	1
Hariyama	474	144	120	60	40	60	50	1	1
Azurill	190	50	20	40	20	40	20	0.5	1
Nosepass	375	30	45	135	45	90	30	0.5	1
Skitty	260	50	45	45	35	35	50	0.5	1
Delcatty	400	70	65	65	55	55	90	1	1
Sableye	380	50	75	75	65	65	50	0.5	1
Mega Sableye	480	50	85	125	85	115	20	3	1
Mawile	380	50	85	85	55	55	50	0.5	1
Mega Mawile	480	50	105	125	55	95	50	3	1
Aron	330	50	70	100	40	40	30	0.5	1
Lairon	430	60	90	140	50	50	40	1	1
Aggron	530	70	110	180	60	60	50	2	1
Mega Aggron	630	70	140	230	60	80	50	3	1
Meditite	280	30	40	55	40	55	60	0.5	1
Medicham	410	60	60	75	60	75	80	1	1
Mega Medicham	510	60	100	85	80	85	100	3	1
Electrike	295	40	45	40	65	40	65	0.5	1
Manectric	475	70	75	60	105	60	105	1	1
Mega Manectric	575	70	75	80	135	80	135	3	1
Plusle	405	60	50	40	85	75	95	0.5	1
Minun	405	60	40	50	75	85	95	0.5	1
Volbeat	430	65	73	75	47	85	85	0.5	1
Illumise	430	65	47	75	73	85	85	0.5	1
Roselia	400	50	60	45	100	80	65	1	1
Gulpin	302	70	43	53	43	53	40	0.5	1
Swalot	467	100	73	83	73	83	55	1	1
Carvanha	305	45	90	20	65	20	65	0.5	1
Sharpedo	460	70	120	40	95	40	95	0.5	1
Mega Sharpedo	560	70	140	70	110	65	105	3	1
Wailmer	400	130	70	35	70	35	60	0.5	1
Wailord	500	170	90	45	90	45	60	1	1
Numel	305	60	60	40	65	45	35	0.5	1
Camerupt	460	70	100	70	105	75	40	1	1
Mega Camerupt	560	70	120	100	145	105	20	3	1
Torkoal	470	70	85	140	85	70	20	0.5	1
Spoink	330	60	25	35	70	80	60	0.5	1
Grumpig	470	80	45	65	90	110	80	1	1
Spinda	360	60	60	60	60	60	60	0.5	1
Trapinch	290	45	100	45	45	45	10	0.5	1
Vibrava	340	50	70	50	50	50	70	1	1
Flygon	520	80	100	80	80	80	100	2	1
Cacnea	335	50	85	40	85	40	35	0.5	1
Cacturne	475	70	115	60	115	60	55	1	1
Swablu	310	45	40	60	40	75	50	0.5	1
Altaria	490	75	70	90	70	105	80	1	1
Mega Altaria	590	75	110	110	110	105	80	3	1
Zangoose	458	73	115	60	60	60	90	0.5	1
Seviper	458	73	100	60	100	60	65	0.5	1
Lunatone	460	90	55	65	95	85	70	0.5	1
Solrock	460	90	95	85	55	65	70	0.5	1
Barboach	288	50	48	43	46	41	60	0.5	1
Whiscash	468	110	78	73	76	71	60	1	1
Corphish	308	43	80	65	50	35	35	0.5	1
Crawdaunt	468	63	120	85	90	55	55	1	1
Baltoy	300	40	40	55	40	70	55	0.5	1
Claydol	500	60	70	105	70	120	75	1	1
Lileep	355	66	41	77	61	87	23	0.5	1
Cradily	495	86	81	97	81	107	43	1	1
Anorith	355	45	95	50	40	50	75	0.5	1
Armaldo	495	75	125	100	70	80	45	1	1
Feebas	200	20	15	20	10	55	80	0.5	1
Milotic	540	95	60	79	100	125	81	1	1
Castform	420	70	70	70	70	70	70	0.5	1
Kecleon	440	60	90	70	60	120	40	0.5	1
Shuppet	295	44	75	35	63	33	45	0.5	1
Banette	455	64	115	65	83	63	65	1	1
Mega Banette	555	64	165	75	93	83	75	3	1
Duskull	295	20	40	90	30	90	25	0.5	1
Dusclops	455	40	70	130	60	130	25	1	1
Tropius	460	99	68	83	72	87	51	0.5	1
Chimecho	455	75	50	80	95	90	65	0.5	1
Absol	465	65	130	60	75	60	75	0.5	1
Mega Absol	565	65	150	60	115	60	115	1	1
Wynaut	260	95	23	48	23	48	23	0.5	1
Snorunt	300	50	50	50	50	50	50	0.5	1
Glalie	480	80	80	80	80	80	80	1	1
Mega Glalie	580	80	120	80	120	80	100	3	1
Spheal	290	70	40	50	55	50	25	0.5	1
Sealeo	410	90	60	70	75	70	45	1	1
Walrein	530	110	80	90	95	90	65	2	1
Clamperl	345	35	64	85	74	55	32	0.5	1
Huntail	485	55	104	105	94	75	52	1	1
Gorebyss	485	55	84	105	114	75	52	1	1
Relicanth	485	100	90	130	45	65	55	0.5	1
Luvdisc	330	43	30	55	40	65	97	0.5	1
Bagon	300	45	75	60	40	30	50	0.5	1
Shelgon	420	65	95	100	60	50	50	1	1
Salamence	600	95	135	80	110	80	100	2	1
Mega Salamence	700	95	145	130	120	90	120	3	1
Beldum	300	40	55	80	35	60	30	0.5	1
Metang	420	60	75	100	55	80	50	1	1
Metagross	600	80	135	130	95	90	70	2	1
Mega Metagross	700	80	145	150	105	110	110	3	1
Regirock	580	80	100	200	50	100	50	0.5	5
Regice	580	80	50	100	100	200	50	0.5	5
Registeel	580	80	75	150	75	150	50	0.5	5
Latias	600	80	80	90	110	130	110	0.5	5
Mega Latias	700	80	100	120	140	150	110	3	5
Latios	600	80	90	80	130	110	110	0.5	5
Mega Latios	700	80	130	100	160	120	110	3	5
Kyogre	670	100	100	90	150	140	90	0.5	5
Groudon	670	100	150	140	100	90	90	0.5	5
Rayquaza	680	105	150	90	150	90	95	0.5	5
Mega Rayquaza	780	105	180	100	180	100	115	3	5
Jirachi	600	100	100	100	100	100	100	0.5	7
Deoxys	600	50	150	50	150	50	150	0.5	7
Turtwig	318	55	68	64	45	55	31	0.5	1
Grotle	405	75	89	85	55	65	36	1	1
Torterra	525	95	109	105	75	85	56	2	1
Chimchar	309	44	58	44	58	44	61	0.5	1
Monferno	405	64	78	52	78	52	81	1	1
Infernape	534	76	104	71	104	71	108	2	1
Piplup	314	53	51	53	61	56	40	0.5	1
Prinplup	405	64	66	68	81	76	50	1	1
Empoleon	530	84	86	88	111	101	60	2	1
Starly	245	40	55	30	30	30	60	0.5	1
Staravia	340	55	75	50	40	40	80	1	1
Staraptor	485	85	120	70	50	60	100	2	1
Bidoof	250	59	45	40	35	40	31	0.5	1
Bibarel	410	79	85	60	55	60	71	1	1
Kricketot	194	37	25	41	25	41	25	0.5	1
Kricketune	384	77	85	51	55	51	65	1	1
Shinx	263	45	65	34	40	34	45	0.5	1
Luxio	363	60	85	49	60	49	60	1	1
Luxray	523	80	120	79	95	79	70	2	1
Budew	280	40	30	35	50	70	55	0.5	1
Roserade	515	60	70	65	125	105	90	2	1
Cranidos	350	67	125	40	30	30	58	0.5	1
Rampardos	495	97	165	60	65	50	58	1	1
Shieldon	350	30	42	118	42	88	30	0.5	1
Bastiodon	495	60	52	168	47	138	30	1	1
Burmy	224	40	29	45	29	45	36	0.5	1
Wormadam	424	60	59	85	79	105	36	1	1
Mothim	424	70	94	50	94	50	66	1	1
Combee	244	30	30	42	30	42	70	0.5	1
Vespiquen	474	70	80	102	80	102	40	1	1
Pachirisu	405	60	45	70	45	90	95	0.5	1
Buizel	330	55	65	35	60	30	85	0.5	1
Floatzel	495	85	105	55	85	50	115	1	1
Cherubi	275	45	35	45	62	53	35	0.5	1
Cherrim	450	70	60	70	87	78	85	1	1
Shellos	325	76	48	48	57	62	34	0.5	1
Gastrodon	475	111	83	68	92	82	39	1	1
Ambipom	482	75	100	66	60	66	115	1	1
Drifloon	348	90	50	34	60	44	70	0.5	1
Drifblim	498	150	80	44	90	54	80	1	1
Buneary	350	55	66	44	44	56	85	0.5	1
Lopunny	480	65	76	84	54	96	105	1	1
Mega Lopunny	580	65	136	94	54	96	135	3	1
Mismagius	495	60	60	60	105	105	105	1	1
Honchkrow	505	100	125	52	105	52	71	1	1
Glameow	310	49	55	42	42	37	85	0.5	1
Purugly	452	71	82	64	64	59	112	1	1
Chingling	285	45	30	50	65	50	45	1	1
Stunky	329	63	63	47	41	41	74	0.5	1
Skuntank	479	103	93	67	71	61	84	1	1
Bronzor	300	57	24	86	24	86	23	0.5	1
Bronzong	500	67	89	116	79	116	33	1	1
Bonsly	290	50	80	95	10	45	10	0.5	1
Mime Jr.	310	20	25	45	70	90	60	0.5	1
Happiny	220	100	5	5	15	65	30	0.5	1
Chatot	411	76	65	45	92	42	91	0.5	1
Spiritomb	485	50	92	108	92	108	35	0.5	1
Gible	300	58	70	45	40	45	42	0.5	1
Gabite	410	68	90	65	50	55	82	1	1
Garchomp	600	108	130	95	80	85	102	2	1
Mega Garchomp	700	108	170	115	120	95	92	3	1
Munchlax	390	135	85	40	40	85	5	0.5	1
Riolu	285	40	70	40	35	40	60	0.5	1
Lucario	525	70	110	70	115	70	90	1	1
Mega Lucario	625	70	145	88	140	70	112	3	1
Hippopotas	330	68	72	78	38	42	32	0.5	1
Hippowdon	525	108	112	118	68	72	47	1	1
Skorupi	330	40	50	90	30	55	65	0.5	1
Drapion	500	70	90	110	60	75	95	1	1
Croagunk	300	48	61	40	61	40	50	0.5	1
Toxicroak	490	83	106	65	86	65	85	1	1
Carnivine	454	74	100	72	90	72	46	0.5	1
Finneon	330	49	49	56	49	61	66	0.5	1
Lumineon	460	69	69	76	69	86	91	1	1
Mantyke	345	45	20	50	60	120	50	0.5	1
Snover	334	60	62	50	62	60	40	0.5	1
Abomasnow	494	90	92	75	92	85	60	1	1
Mega Abomasnow	594	90	132	105	132	105	30	3	1
Weavile	510	70	120	65	45	85	125	1	1
Magnezone	535	70	70	115	130	90	60	2	1
Lickilicky	515	110	85	95	80	95	50	1	1
Rhyperior	535	115	140	130	55	55	40	2	1
Tangrowth	535	100	100	125	110	50	50	1	1
Electivire	540	75	123	67	95	85	95	2	1
Magmortar	540	75	95	67	125	95	83	2	1
Togekiss	545	85	50	95	120	115	80	2	1
Yanmega	515	86	76	86	116	56	95	1	1
Leafeon	525	65	110	130	60	65	95	1	1
Glaceon	525	65	60	110	130	95	65	1	1
Gliscor	510	75	95	125	45	75	95	1	1
Mamoswine	530	110	130	80	70	60	80	2	1
Porygon-Z	535	85	80	70	135	75	90	2	1
Gallade	518	68	125	65	65	115	80	2	1
Mega Gallade	618	68	165	95	65	115	110	3	1
Probopass	525	60	55	145	75	150	40	1	1
Dusknoir	525	45	100	135	65	135	45	2	1
Froslass	480	70	80	70	80	70	110	1	1
Rotom	440	50	50	77	95	77	91	0.5	1
Uxie	580	75	75	130	75	130	95	0.5	5
Mesprit	580	80	105	105	105	105	80	0.5	5
Azelf	580	75	125	70	125	70	115	0.5	5
Dialga	680	100	120	120	150	100	90	0.5	5
Palkia	680	90	120	100	150	120	100	0.5	5
Heatran	600	91	90	106	130	106	77	0.5	5
Regigigas	670	110	160	110	80	110	100	0.5	5
Giratina	680	150	100	120	100	120	90	0.5	5
Cresselia	600	120	70	120	75	130	85	0.5	5
Phione	480	80	80	80	80	80	80	0.5	7
Manaphy	600	100	100	100	100	100	100	0.5	7
Darkrai	600	70	90	90	135	90	125	0.5	7
Shaymin	600	100	100	100	100	100	100	0.5	7
Arceus	720	120	120	120	120	120	120	0.5	7
Victini	600	100	100	100	100	100	100	0.5	7
Snivy	308	45	45	55	45	55	63	0.5	1
Servine	413	60	60	75	60	75	83	1	1
Serperior	528	75	75	95	75	95	113	2	1
Tepig	308	65	63	45	45	45	45	0.5	1
Pignite	418	90	93	55	70	55	55	1	1
Emboar	528	110	123	65	100	65	65	2	1
Oshawott	308	55	55	45	63	45	45	0.5	1
Dewott	413	75	75	60	83	60	60	1	1
Samurott	528	95	100	85	108	70	70	2	1
Patrat	255	45	55	39	35	39	42	0.5	1
Watchog	420	60	85	69	60	69	77	1	1
Lillipup	275	45	60	45	25	45	55	0.5	1
Herdier	370	65	80	65	35	65	60	1	1
Stoutland	500	85	110	90	45	90	80	2	1
Purrloin	281	41	50	37	50	37	66	0.5	1
Liepard	446	64	88	50	88	50	106	1	1
Pansage	316	50	53	48	53	48	64	0.5	1
Simisage	498	75	98	63	98	63	101	1	1
Pansear	316	50	53	48	53	48	64	0.5	1
Simisear	498	75	98	63	98	63	101	1	1
Panpour	316	50	53	48	53	48	64	0.5	1
Simipour	498	75	98	63	98	63	101	1	1
Munna	292	76	25	45	67	55	24	0.5	1
Musharna	487	116	55	85	107	95	29	1	1
Pidove	264	50	55	50	36	30	43	0.5	1
Tranquill	358	62	77	62	50	42	65	1	1
Unfezant	488	80	115	80	65	55	93	2	1
Blitzle	295	45	60	32	50	32	76	0.5	1
Zebstrika	497	75	100	63	80	63	116	1	1
Roggenrola	280	55	75	85	25	25	15	0.5	1
Boldore	390	70	105	105	50	40	20	1	1
Gigalith	515	85	135	130	60	80	25	2	1
Woobat	323	65	45	43	55	43	72	0.5	1
Swoobat	425	67	57	55	77	55	114	1	1
Drilbur	328	60	85	40	30	45	68	0.5	1
Excadrill	508	110	135	60	50	65	88	1	1
Audino	445	103	60	86	60	86	50	0.5	1
Mega Audino	545	103	60	126	80	126	50	3	1
Timburr	305	75	80	55	25	35	35	0.5	1
Gurdurr	405	85	105	85	40	50	40	1	1
Conkeldurr	505	105	140	95	55	65	45	2	1
Tympole	294	50	50	40	50	40	64	0.5	1
Palpitoad	384	75	65	55	65	55	69	1	1
Seismitoad	509	105	95	75	85	75	74	2	1
Throh	465	120	100	85	30	85	45	0.5	1
Sawk	465	75	125	75	30	75	85	0.5	1
Sewaddle	310	45	53	70	40	60	42	0.5	1
Swadloon	380	55	63	90	50	80	42	1	1
Leavanny	500	75	103	80	70	80	92	2	1
Venipede	260	30	45	59	30	39	57	0.5	1
Whirlipede	360	40	55	99	40	79	47	1	1
Scolipede	485	60	100	89	55	69	112	2	1
Cottonee	280	40	27	60	37	50	66	0.5	1
Whimsicott	480	60	67	85	77	75	116	1	1
Petilil	280	45	35	50	70	50	30	0.5	1
Lilligant	480	70	60	75	110	75	90	1	1
Basculin	460	70	92	65	80	55	98	0.5	1
Sandile	292	50	72	35	35	35	65	0.5	1
Krokorok	351	60	82	45	45	45	74	1	1
Krookodile	519	95	117	80	65	70	92	2	1
Darumaka	315	70	90	45	15	45	50	0.5	1
Darmanitan	480	105	140	55	30	55	95	1	1
Maractus	461	75	86	67	106	67	60	0.5	1
Dwebble	325	50	65	85	35	35	55	0.5	1
Crustle	485	70	105	125	65	75	45	1	1
Scraggy	348	50	75	70	35	70	48	0.5	1
Scrafty	488	65	90	115	45	115	58	1	1
Sigilyph	490	72	58	80	103	80	97	0.5	1
Yamask	303	38	30	85	55	65	30	0.5	1
Cofagrigus	483	58	50	145	95	105	30	1	1
Tirtouga	355	54	78	103	53	45	22	0.5	1
Carracosta	495	74	108	133	83	65	32	1	1
Archen	401	55	112	45	74	45	70	0.5	1
Archeops	567	75	140	65	112	65	110	1	1
Trubbish	329	50	50	62	40	62	65	0.5	1
Garbodor	474	80	95	82	60	82	75	1	1
Zorua	330	40	65	40	80	40	65	0.5	1
Zoroark	510	60	105	60	120	60	105	1	1
Minccino	300	55	50	40	40	40	75	0.5	1
Cinccino	470	75	95	60	65	60	115	1	1
Gothita	290	45	30	50	55	65	45	0.5	1
Gothorita	390	60	45	70	75	85	55	1	1
Gothitelle	490	70	55	95	95	110	65	2	1
Solosis	290	45	30	40	105	50	20	0.5	1
Duosion	370	65	40	50	125	60	30	1	1
Reuniclus	490	110	65	75	125	85	30	2	1
Ducklett	305	62	44	50	44	50	55	0.5	1
Swanna	473	75	87	63	87	63	98	1	1
Vanillite	305	36	50	50	65	60	44	0.5	1
Vanillish	395	51	65	65	80	75	59	1	1
Vanilluxe	535	71	95	85	110	95	79	2	1
Deerling	335	60	60	50	40	50	75	0.5	1
Sawsbuck	475	80	100	70	60	70	95	1	1
Emolga	428	55	75	60	75	60	103	0.5	1
Karrablast	315	50	75	45	40	45	60	0.5	1
Escavalier	495	70	135	105	60	105	20	1	1
Foongus	294	69	55	45	55	55	15	0.5	1
Amoonguss	464	114	85	70	85	80	30	1	1
Frillish	335	55	40	50	65	85	40	0.5	1
Jellicent	480	100	60	70	85	105	60	1	1
Alomomola	470	165	75	80	40	45	65	0.5	1
Joltik	319	50	47	50	57	50	65	0.5	1
Galvantula	472	70	77	60	97	60	108	1	1
Ferroseed	305	44	50	91	24	86	10	0.5	1
Ferrothorn	489	74	94	131	54	116	20	1	1
Klink	300	40	55	70	45	60	30	0.5	1
Klang	440	60	80	95	70	85	50	1	1
Klinklang	520	60	100	115	70	85	90	2	1
Tynamo	275	35	55	40	45	40	60	0.5	1
Eelektrik	405	65	85	70	75	70	40	1	1
Eelektross	515	85	115	80	105	80	50	2	1
Elgyem	335	55	55	55	85	55	30	0.5	1
Beheeyem	485	75	75	75	125	95	40	1	1
Litwick	275	50	30	55	65	55	20	0.5	1
Lampent	370	60	40	60	95	60	55	1	1
Chandelure	520	60	55	90	145	90	80	2	1
Axew	320	46	87	60	30	40	57	0.5	1
Fraxure	410	66	117	70	40	50	67	1	1
Haxorus	540	76	147	90	60	70	97	2	1
Cubchoo	305	55	70	40	60	40	40	0.5	1
Beartic	505	95	130	80	70	80	50	1	1
Cryogonal	515	80	50	50	95	135	105	0.5	1
Shelmet	305	50	40	85	40	65	25	0.5	1
Accelgor	495	80	70	40	100	60	145	1	1
Stunfisk	471	109	66	84	81	99	32	0.5	1
Mienfoo	350	45	85	50	55	50	65	0.5	1
Mienshao	510	65	125	60	95	60	105	1	1
Druddigon	485	77	120	90	60	90	48	0.5	1
Golett	303	59	74	50	35	50	35	0.5	1
Golurk	483	89	124	80	55	80	55	1	1
Pawniard	340	45	85	70	40	40	60	0.5	1
Bisharp	490	65	125	100	60	70	70	1	1
Bouffalant	490	95	110	95	40	95	55	0.5	1
Rufflet	350	70	83	50	37	50	60	0.5	1
Braviary	510	100	123	75	57	75	80	1	1
Vullaby	370	70	55	75	45	65	60	0.5	1
Mandibuzz	510	110	65	105	55	95	80	1	1
Heatmor	484	85	97	66	105	66	65	0.5	1
Durant	484	58	109	112	48	48	109	0.5	1
Deino	300	52	65	50	45	50	38	0.5	1
Zweilous	420	72	85	70	65	70	58	1	1
Hydreigon	600	92	105	90	125	90	98	2	1
Larvesta	360	55	85	55	50	55	60	0.5	1
Volcarona	550	85	60	65	135	105	100	1	1
Cobalion	580	91	90	129	90	72	108	0.5	5
Terrakion	580	91	129	90	72	90	108	0.5	5
Virizion	580	91	90	72	90	129	108	0.5	5
Tornadus	580	79	115	70	125	80	111	0.5	5
Thundurus	580	79	115	70	125	80	111	0.5	5
Reshiram	680	100	120	100	150	120	90	0.5	5
Zekrom	680	100	150	120	120	100	90	0.5	5
Landorus	600	89	125	90	115	80	101	0.5	5
Kyurem	660	125	130	90	130	90	95	0.5	5
Kyurem Black	700	125	170	100	120	90	95	0.5	5
Kyurem White	700	125	120	90	170	100	95	0.5	5
Keldeo	580	91	72	90	129	90	108	0.5	7
Meloetta	600	100	77	77	128	128	90	0.5	7
Genesect	600	71	120	95	120	95	99	0.5	7
Chespin	313	56	61	65	48	45	38	0.5	1
Quilladin	405	61	78	95	56	58	57	1	1
Chesnaught	530	88	107	122	74	75	64	2	1
Fennekin	307	40	45	40	62	60	60	0.5	1
Braixen	409	59	59	58	90	70	73	1	1
Delphox	534	75	69	72	114	100	104	2	1
Froakie	314	41	56	40	62	44	71	0.5	1
Frogadier	405	54	63	52	83	56	97	1	1
Greninja	530	72	95	67	103	71	122	2	1
BB Greninja	640	72	145	67	153	71	132	2	1
Bunnelby	237	38	36	38	32	36	57	0.5	1
Diggersby	423	85	56	77	50	77	78	1	1
Fletchling	278	45	50	43	40	38	62	0.5	1
Fletchinder	382	62	73	55	56	52	84	1	1
Talonflame	499	78	81	71	74	69	126	2	1
Scatterbug	200	38	35	40	27	25	35	0.5	1
Spewpa	213	45	22	60	27	30	29	1	1
Vivillon	411	80	52	50	90	50	89	2	1
Litleo	369	62	50	58	73	54	72	0.5	1
Pyroar	507	86	68	72	109	66	106	1	1
Flabébé	303	44	38	39	61	79	42	0.5	1
Floette	371	54	45	47	75	98	52	1	1
Florges	552	78	65	68	112	154	75	2	1
Skiddo	350	66	65	48	62	57	52	0.5	1
Gogoat	531	123	100	62	97	81	68	1	1
Pancham	348	67	82	62	46	48	43	0.5	1
Pangoro	495	95	124	78	69	71	58	1	1
Furfrou	472	75	80	60	65	90	102	0.5	1
Espurr	355	62	48	54	63	60	68	0.5	1
Meowstic	466	74	48	76	83	81	104	1	1
Honedge	325	45	80	100	35	37	28	0.5	1
Doublade	448	59	110	150	45	49	35	1	1
Aegislash	500	60	50	140	50	140	60	2	1
Spritzee	341	78	52	60	63	65	23	0.5	1
Aromatisse	462	101	72	72	99	89	29	1	1
Swirlix	341	62	48	66	59	57	49	0.5	1
Slurpuff	480	82	80	86	85	75	72	1	1
Inkay	288	53	54	53	37	46	45	0.5	1
Malamar	482	86	92	88	68	75	73	1	1
Binacle	306	42	52	67	39	56	50	0.5	1
Barbaracle	500	72	105	115	54	86	68	1	1
Skrelp	320	50	60	60	60	60	30	0.5	1
Dragalge	494	65	75	90	97	123	44	1	1
Clauncher	330	50	53	62	58	63	44	0.5	1
Clawitzer	500	71	73	88	120	89	59	1	1
Helioptile	289	44	38	33	61	43	70	0.5	1
Heliolisk	481	62	55	52	109	94	109	1	1
Tyrunt	362	58	89	77	45	45	48	0.5	1
Tyrantrum	521	82	121	119	69	59	71	1	1
Amaura	362	77	59	50	67	63	46	0.5	1
Aurorus	521	123	77	72	99	92	58	1	1
Sylveon	525	95	65	65	110	130	60	1	1
Hawlucha	500	78	92	75	74	63	118	0.5	1
Dedenne	431	67	58	57	81	67	101	0.5	1
Carbink	500	50	50	150	50	150	50	0.5	1
Goomy	300	45	50	35	55	75	40	0.5	1
Sliggoo	452	68	75	53	83	113	60	1	1
Goodra	600	90	100	70	110	150	80	2	1
Klefki	470	57	80	91	80	87	75	0.5	1
Phantump	309	43	70	48	50	60	38	0.5	1
Trevenant	474	85	110	76	65	82	56	1	1
Pumpkaboo	335	49	66	70	44	55	51	0.5	1
Gourgeist	494	65	90	122	58	75	84	1	1
Bergmite	304	55	69	85	32	35	28	0.5	1
Avalugg	514	95	117	184	44	46	28	1	1
Noibat	245	40	30	35	45	40	55	0.5	1
Noivern	535	85	70	80	97	80	123	1	1
Xerneas	680	126	131	95	131	98	99	0.5	5
Yveltal	680	126	131	95	131	98	99	0.5	5
Zygarde 50	600	108	100	121	81	95	95	0.5	5
Zygarde 15	486	54	100	71	61	85	115	0.5	5
Zygarde 100	708	216	100	121	91	95	85	0.5	5
Diancie	600	50	100	150	100	150	50	0.5	7
Mega Diancie	700	50	160	110	160	110	110	3	7
Hoopa	600	80	110	60	150	130	70	0.5	7
unbound Hoopa	680	80	160	60	170	130	80	0.5	7
Volcanion	600	80	110	120	130	90	70	0.5	7
Rowlet	320	68	55	55	50	50	42	0.5	1
Dartrix	420	78	75	75	70	70	52	1	1
Decidueye	530	78	107	75	100	100	70	2	1
Litten	320	45	65	40	60	40	70	0.5	1
Torracat	420	65	85	50	80	50	90	1	1
Incineroar	530	95	115	90	80	90	60	2	1
Popplio	320	50	54	54	66	56	40	0.5	1
Brionne	420	60	69	69	91	81	50	1	1
Primarina	530	80	74	74	126	116	60	2	1
Pikipek	265	35	75	30	30	30	65	0.5	1
Trumbeak	355	55	85	50	40	50	75	1	1
Toucannon	485	80	120	75	75	75	60	2	1
Yungoos	253	48	70	30	30	30	45	0.5	1
Gumshoos	418	88	110	60	55	60	45	1	1
Grubbin	300	47	62	45	55	45	46	0.5	1
Charjabug	400	57	82	95	55	75	36	1	1
Vikavolt	500	77	70	90	145	75	43	2	1
Crabrawler	338	47	82	57	42	47	63	0.5	1
Crabominable	478	97	132	77	62	67	43	1	1
Oricorio	476	75	70	70	98	70	93	0.5	1
Cutiefly	304	40	45	40	55	40	84	0.5	1
Ribombee	464	60	55	60	95	70	124	1	1
Rockruff	280	45	65	40	30	40	60	0.5	1
Lycanroc MD	487	75	115	65	55	65	112	1	1
Lycanroc MN	487	85	115	75	55	75	82	1	1
Lycanroc D	487	75	117	65	55	65	110	1	1
Wishiwashi	175	45	20	20	25	25	40	0.5	1
Wishiwashi Schooling	620	45	140	130	140	135	30	0.5	1
Mareanie	305	50	53	62	43	52	45	0.5	1
Toxapex	495	50	63	152	53	142	35	1	1
Mudbray	385	70	100	70	45	55	45	0.5	1
Mudsdale	500	100	125	100	55	85	35	1	1
Dewpider	269	38	40	52	40	72	27	0.5	1
Araquanid	454	68	70	92	50	132	42	1	1
Fomantis	250	40	55	35	50	35	35	0.5	1
Lurantis	480	70	105	90	80	90	45	1	1
Morelull	285	40	35	55	65	75	15	0.5	1
Shiinotic	405	60	45	80	90	100	30	1	1
Salandit	320	48	44	40	71	40	77	0.5	1
Salazzle	480	68	64	60	111	60	117	1	1
Stufful	340	70	75	50	45	50	50	0.5	1
Bewear	500	120	125	80	55	60	60	1	1
Bounsweet	210	42	30	38	30	38	32	0.5	1
Steenee	290	52	40	48	40	48	62	1	1
Tsareena	510	72	120	98	50	98	72	2	1
Comfey	485	51	52	90	82	110	100	0.5	1
Oranguru	490	90	60	80	90	110	60	0.5	1
Passimian	490	100	120	90	40	60	80	0.5	1
Wimpod	230	25	35	40	20	30	80	0.5	1
Golisopod	530	75	125	140	60	90	40	1	1
Sandygast	320	55	55	80	70	45	15	0.5	1
Palossand	480	85	75	110	100	75	35	1	1
Pyukumuku	410	55	60	130	30	130	5	0.5	1
Type: Null	534	95	95	95	95	95	59	0.5	1
Silvally	570	95	95	95	95	95	95	1	1
Minior	440	60	60	100	60	100	60	0.5	1
Komala	480	65	115	65	75	95	65	0.5	1
Turtonator	485	60	78	135	91	85	36	0.5	1
Togedemaru	435	65	98	63	40	73	96	0.5	1
Mimikyu	476	55	90	80	50	105	96	0.5	1
Bruxish	475	68	105	70	70	70	92	0.5	1
Drampa	485	78	60	85	135	91	36	0.5	1
Dhelmise	517	70	131	100	86	90	40	0.5	1
Jangmo-o	300	45	55	65	45	45	45	0.5	1
Hakamo-o	420	55	75	90	65	70	65	1	1
Kommo-o	600	75	110	125	100	105	85	2	1
Tapu Koko	570	70	115	85	95	75	130	0.5	5
Tapu Lele	570	70	85	75	130	115	95	0.5	5
Tapu Bulu	570	70	130	115	85	95	75	0.5	5
Tapu Fini	570	70	75	115	95	130	85	0.5	5
Cosmog	200	43	29	31	29	31	37	0.5	5
Cosmoem	400	43	29	131	29	131	37	1	5
Solgaleo	680	137	137	107	113	89	97	2	5
Lunala	680	137	113	89	137	107	97	2	5
Nihilego	570	109	53	47	127	131	103	0.5	3
Buzzwole	570	107	139	139	53	53	79	0.5	3
Pheromosa	570	71	137	37	137	37	151	0.5	3
Xurkitree	570	83	89	71	173	71	83	0.5	3
Celesteela	570	97	101	103	107	101	61	0.5	3
Kartana	570	59	181	131	59	31	109	0.5	3
Guzzlord	570	223	101	53	97	53	43	0.5	3
Necrozma	600	97	107	101	127	89	79	0.5	5
Dusk Mane Necrozma	680	97	157	127	113	109	77	0.5	5
Dawn Wings Necrozma 	680	97	113	109	157	127	77	0.5	5
Ultra Necrozma	754	97	167	97	167	97	129	0.5	5
Magearna	600	80	95	115	130	115	65	0.5	7
Marshadow	600	90	125	80	90	90	125	0.5	7
Poipole	420	67	73	67	73	67	73	0.5	3
Naganadel	540	73	73	73	127	73	121	1	3
Stakataka	570	61	131	211	53	101	13	0.5	3
Blacephalon	570	53	127	53	151	79	107	0.5	3
Zeraora	600	88	112	75	102	80	143	0.5	7
Meltan	300	46	65	65	55	35	34	0.5	7
Melmetal	600	135	143	143	80	65	34	1	7
Grookey	310	50	65	50	40	40	65	0.5	1
Thwackey	420	70	85	70	55	60	80	1	1
Rillaboom	530	100	125	90	60	70	85	2	1
Scorbunny	310	50	71	40	40	40	69	0.5	1
Raboot	420	65	86	60	55	60	94	1	1
Cinderace	530	80	116	75	65	75	119	2	1
Sobble	310	50	40	40	70	40	70	0.5	1
Drizzile	420	65	60	55	95	55	90	1	1
Inteleon	530	70	85	65	125	65	120	2	1
Skwovet	275	70	55	55	35	35	25	0.5	1
Greedent	460	120	95	95	55	75	20	1	1
Rookidee	245	38	47	35	33	35	57	0.5	1
Corvisquire	365	68	67	55	43	55	77	1	1
Corviknight	495	98	87	105	53	85	67	2	1
Blipbug	180	25	20	20	25	45	45	0.5	1
Dottler	335	50	35	80	50	90	30	1	1
Orbeetle	505	60	45	110	80	120	90	2	1
Nickit	245	40	28	28	47	52	50	0.5	1
Thievul	455	70	58	58	87	92	90	1	1
Gossifleur	250	40	40	60	40	60	10	0.5	1
Eldegoss	460	60	50	90	80	120	60	1	1
Wooloo	270	42	40	55	40	45	48	0.5	1
Dubwool	490	72	80	100	60	90	88	1	1
Chewtle	284	50	64	50	38	38	44	0.5	1
Drednaw	485	90	115	90	48	68	74	1	1
Yamper	270	59	45	50	40	50	26	0.5	1
Boltund	490	69	90	60	90	60	121	1	1
Rolycoly	240	30	40	50	40	50	30	0.5	1
Carkol	410	80	60	90	60	70	50	1	1
Coalossal	510	110	80	120	80	90	30	2	1
Applin	260	40	40	80	40	40	20	0.5	1
Flapple	485	70	110	80	95	60	70	1	1
Appletun	485	110	85	80	100	80	30	1	1
Silicobra	315	52	57	75	35	50	46	0.5	1
Sandaconda	510	72	107	125	65	70	71	1	1
Cramorant	475	70	85	55	85	95	85	0.5	1
Arrokuda	280	41	63	40	40	30	66	0.5	1
Barraskewda	490	61	123	60	60	50	136	1	1
Toxel	242	40	38	35	54	35	40	0.5	1
Toxtricity	502	75	98	70	114	70	75	1	1
Sizzlipede	305	50	65	45	50	50	45	0.5	1
Centiskorch	525	100	115	65	90	90	65	1	1
Clobbopus	310	50	68	60	50	50	32	0.5	1
Grapploct	480	80	118	90	70	80	42	1	1
Sinistea	308	40	45	45	74	54	50	0.5	1
Polteageist	508	60	65	65	134	114	70	1	1
Hatenna	265	42	30	45	56	53	39	0.5	1
Hattrem	370	57	40	65	86	73	49	1	1
Hatterene	510	57	90	95	136	103	29	2	1
Impidimp	265	45	45	30	55	40	50	0.5	1
Morgrem	370	65	60	45	75	55	70	1	1
Grimmsnarl	510	95	120	65	95	75	60	2	1
Obstagoon	520	93	90	101	60	81	95	2	1
Perrserker	440	70	110	100	50	60	50	1	1
Cursola	510	60	95	50	145	130	30	1	1
Sirfetch'd	507	62	135	95	68	82	65	1	1
Mr. Rime	520	80	85	75	110	100	70	1	1
Runerigus	483	58	95	145	50	105	30	1	1
Milcery	270	45	40	40	50	61	34	0.5	1
Alcremie	495	65	60	75	110	121	64	1	1
Falinks	470	65	100	100	70	60	75	0.5	1
Pincurchin	435	48	101	95	91	85	15	0.5	1
Snom	185	30	25	35	45	30	20	0.5	1
Frosmoth	475	70	65	60	125	90	65	1	1
Stonjourner	470	100	125	135	20	20	70	0.5	1
Eiscue	470	75	80	110	65	90	50	0.5	1
Indeedee	475	60	65	55	105	95	95	0.5	1
Morpeko	436	58	95	58	70	58	97	0.5	1
Cufant	330	72	80	49	40	49	40	0.5	1
Copperajah	500	122	130	69	80	69	30	1	1
Dracozolt	505	90	100	90	80	70	75	0.5	1
Arctozolt	505	90	100	90	90	80	55	0.5	1
Dracovish	505	90	90	100	70	80	75	0.5	1
Arctovish	505	90	90	100	80	90	55	0.5	1
Duraludon	535	70	95	115	120	50	85	0.5	1
Dreepy	270	28	60	30	40	30	82	0.5	1
Drakloak	410	68	80	50	60	50	102	1	1
Dragapult	600	88	120	75	100	75	142	2	1
Zacian	720	92	170	115	80	115	148	0.5	5
Zamazenta	720	92	130	145	80	145	128	0.5	5
Eternatus	690	140	85	95	145	95	130	0.5	5
Eterna Max Erernatus	1125	255	115	250	125	250	130	0.5	5
Kubfu	385	60	90	60	53	50	72	0.5	5
Urshifu	550	100	130	100	63	60	97	1	5
Zarude	600	105	120	105	70	95	105	0.5	7
Regieleki	580	80	100	50	100	50	200	0.5	5
Regidrago	580	200	100	50	100	50	80	0.5	5
Glastrier	580	100	145	130	65	110	30	0.5	5
Spectrier	580	100	65	60	145	80	130	0.5	5
Calyrex	500	100	80	80	80	80	80	0.5	5
Calyrex Ice	680	100	165	150	85	130	50	0.5	5
Calyrex Shadow	680	100	85	80	165	100	150	0.5	5
